epoch,time,train/box_loss,train/pose_loss,train/kobj_loss,train/cls_loss,train/dfl_loss,metrics/precision(B),metrics/recall(B),metrics/mAP50(B),metrics/mAP50-95(B),metrics/precision(P),metrics/recall(P),metrics/mAP50(P),metrics/mAP50-95(P),val/box_loss,val/pose_loss,val/kobj_loss,val/cls_loss,val/dfl_loss,lr/pg0,lr/pg1,lr/pg2
1,29.6945,2.02169,2.81903,0.66879,2.08558,2.01764,0.99764,1,0.995,0.55343,0.99764,1,0.995,0.37001,1.54087,2.72507,0.60336,0.95184,1.60795,0.000636364,0.000636364,0.000636364
2,31.7634,1.59388,1.71377,0.61139,0.97166,1.61939,0.90313,0.92529,0.94077,0.25227,0.93117,0.95402,0.97928,0.40887,2.61506,2.21194,0.50817,1.17646,2.20546,0.00129013,0.00129013,0.00129013
3,33.847,1.61526,1.48818,0.55178,0.91438,1.54691,0.83898,0.91954,0.86595,0.40327,0.90722,0.99425,0.98509,0.49854,2.03319,1.71771,0.37677,0.94434,2.04692,0.0019307,0.0019307,0.0019307
4,35.8878,1.82821,1.3145,0.55782,1.05062,1.70763,0.91639,0.92529,0.94782,0.47438,0.90501,0.91379,0.96518,0.62936,1.63585,1.46079,0.31628,1.84177,1.68683,0.0019406,0.0019406,0.0019406
5,37.9398,1.68504,1.14664,0.54004,0.98442,1.59971,0.55237,0.92529,0.69146,0.29906,0.54894,0.91954,0.68698,0.3091,1.82603,1.81478,0.25381,1.58393,1.89551,0.0019208,0.0019208,0.0019208
6,39.9973,1.5871,1.10581,0.53097,0.87558,1.56503,0.98955,0.89655,0.95827,0.41271,0.90759,0.82184,0.89862,0.69827,1.88987,1.08757,0.15085,1.73253,1.79876,0.001901,0.001901,0.001901
7,42.0487,1.60321,1.04196,0.5077,0.8638,1.57437,1,0.95759,0.98365,0.46798,0.9607,0.98341,0.99365,0.84846,1.83559,0.81524,0.17556,1.18903,1.91493,0.0018812,0.0018812,0.0018812
8,44.1234,1.60082,0.89854,0.53578,0.87314,1.51318,0.99607,1,0.995,0.43352,0.99607,1,0.995,0.77271,1.77082,0.6733,0.14294,1.65546,1.7455,0.0018614,0.0018614,0.0018614
9,46.2026,1.5838,0.92954,0.51965,0.89912,1.54979,0.97683,0.96928,0.96929,0.36519,1,0.94402,0.9553,0.82293,1.94021,0.63855,0.11815,1.51579,1.90709,0.0018416,0.0018416,0.0018416
10,48.3907,1.56227,0.68435,0.48597,0.81218,1.52727,0.96531,0.95942,0.99275,0.56295,0.971,0.96223,0.99336,0.86197,1.55794,0.47322,0.13542,0.99644,1.57179,0.0018218,0.0018218,0.0018218
11,50.4516,1.55823,0.76604,0.52207,0.87557,1.52078,0.98432,0.96552,0.97654,0.46799,0.62591,0.6058,0.50022,0.06677,1.74829,3.6425,0.2073,1.30333,1.71133,0.001802,0.001802,0.001802
12,52.473,1.55267,0.609,0.49257,0.80663,1.50151,0.98856,0.99363,0.99326,0.48594,0.99239,0.99425,0.9946,0.597,1.94053,1.41245,0.16619,0.99455,1.75007,0.0017822,0.0017822,0.0017822
13,54.5259,1.50103,0.6266,0.50395,0.80815,1.50484,0.99878,1,0.995,0.53331,0.99878,1,0.995,0.93053,1.53932,0.39826,0.12462,0.71009,1.48158,0.0017624,0.0017624,0.0017624
14,56.5569,1.49471,0.66181,0.46453,0.81845,1.48388,0.99833,1,0.995,0.53154,0.99833,1,0.995,0.91978,1.54948,0.41201,0.12747,0.71478,1.50274,0.0017426,0.0017426,0.0017426
15,58.5838,1.46837,0.61391,0.47981,0.80589,1.44469,0.99346,0.99425,0.99322,0.44236,0.99921,1,0.995,0.93027,1.87354,0.39985,0.13466,0.6937,1.70573,0.0017228,0.0017228,0.0017228
16,60.6024,1.42097,0.53686,0.45889,0.77406,1.44523,0.99845,1,0.995,0.56329,0.99845,1,0.995,0.946,1.50394,0.3102,0.13762,0.63605,1.4688,0.001703,0.001703,0.001703
17,62.6483,1.43711,0.59145,0.45665,0.76721,1.44029,0.99277,0.99425,0.9942,0.58618,0.99851,1,0.995,0.95335,1.44027,0.27544,0.14367,0.64894,1.44697,0.0016832,0.0016832,0.0016832
18,64.7044,1.42281,0.56387,0.43322,0.75096,1.42154,0.99111,0.99425,0.99443,0.55145,0.99684,1,0.995,0.93396,1.42002,0.39111,0.12198,0.62712,1.43317,0.0016634,0.0016634,0.0016634
19,66.7229,1.47889,0.48337,0.41048,0.7464,1.44853,0.99744,1,0.995,0.55112,0.99744,1,0.995,0.9483,1.50307,0.35136,0.11148,0.62651,1.49127,0.0016436,0.0016436,0.0016436
20,68.7323,1.42838,0.52602,0.42598,0.73722,1.41236,0.99876,1,0.995,0.48855,0.99876,1,0.995,0.93607,1.69693,0.37717,0.11652,0.6695,1.62635,0.0016238,0.0016238,0.0016238
21,70.7775,1.45619,0.46462,0.44739,0.75652,1.39838,0.99363,0.99425,0.99494,0.47738,0.99937,1,0.995,0.94193,1.74014,0.36938,0.12082,0.69975,1.66803,0.001604,0.001604,0.001604
22,72.9204,1.43541,0.43913,0.43682,0.74239,1.42493,0.9978,1,0.995,0.53382,0.9978,1,0.995,0.9381,1.51751,0.29116,0.12089,0.59935,1.51097,0.0015842,0.0015842,0.0015842
23,74.9341,1.45446,0.41652,0.40358,0.71201,1.42962,0.97165,0.99425,0.9946,0.52339,0.97727,1,0.995,0.95079,1.64494,0.2707,0.114,0.63234,1.56178,0.0015644,0.0015644,0.0015644
24,76.9712,1.37778,0.47358,0.42478,0.73064,1.38883,0.99932,1,0.995,0.59422,0.99932,1,0.995,0.96645,1.39627,0.23164,0.10785,0.54603,1.39634,0.0015446,0.0015446,0.0015446
25,79.0591,1.39873,0.41386,0.39212,0.73044,1.36483,0.99655,1,0.995,0.59147,0.99655,1,0.995,0.96573,1.27133,0.2177,0.12216,0.56626,1.33777,0.0015248,0.0015248,0.0015248
26,81.2082,1.41262,0.48444,0.37528,0.72522,1.37234,0.99365,0.99425,0.9896,0.5454,0.9994,1,0.995,0.95757,1.63686,0.27007,0.1174,0.61881,1.54556,0.001505,0.001505,0.001505
27,83.2752,1.43566,0.48826,0.35858,0.72058,1.39831,0.98641,0.98851,0.9742,0.48713,0.99788,1,0.995,0.94974,1.70712,0.27749,0.09336,0.60002,1.66627,0.0014852,0.0014852,0.0014852
28,85.3521,1.39833,0.46257,0.36912,0.70964,1.39478,0.99877,1,0.995,0.55938,0.99877,1,0.995,0.96522,1.48544,0.22561,0.10306,0.52085,1.46656,0.0014654,0.0014654,0.0014654
29,87.3994,1.34465,0.42758,0.34782,0.70657,1.35912,0.99334,0.99425,0.99408,0.52291,0.99908,1,0.995,0.96012,1.59909,0.23528,0.09646,0.56791,1.57295,0.0014456,0.0014456,0.0014456
30,89.4363,1.32922,0.39991,0.3572,0.68108,1.37735,0.9938,0.99425,0.99402,0.55851,0.99955,1,0.995,0.92332,1.47053,0.27203,0.09338,0.58281,1.50754,0.0014258,0.0014258,0.0014258
31,91.5039,1.37344,0.47955,0.36481,0.69391,1.37133,0.99942,1,0.995,0.5868,0.99942,1,0.995,0.95621,1.39496,0.21056,0.1016,0.50819,1.40585,0.001406,0.001406,0.001406
32,93.5951,1.30269,0.39051,0.36616,0.67247,1.33384,0.99378,0.99425,0.98977,0.55282,0.99952,1,0.995,0.96126,1.6149,0.21611,0.08836,0.52004,1.51737,0.0013862,0.0013862,0.0013862
33,95.6421,1.30608,0.37124,0.33676,0.63714,1.35411,0.99949,1,0.995,0.58579,0.99949,1,0.995,0.94065,1.38519,0.26545,0.07234,0.53529,1.39005,0.0013664,0.0013664,0.0013664
34,97.76,1.30522,0.48664,0.35927,0.64646,1.33104,0.99375,0.99425,0.99253,0.5835,0.99949,1,0.995,0.96902,1.36442,0.21956,0.07251,0.53039,1.37177,0.0013466,0.0013466,0.0013466
35,99.8048,1.28887,0.40196,0.35353,0.63708,1.34167,0.98797,0.98851,0.98136,0.51848,0.99946,1,0.995,0.96876,1.63219,0.27003,0.08523,0.56481,1.54349,0.0013268,0.0013268,0.0013268
36,101.854,1.29768,0.43384,0.351,0.64918,1.3575,0.99363,0.99425,0.9931,0.62669,0.99937,1,0.995,0.95807,1.3801,0.22021,0.08329,0.50547,1.38386,0.001307,0.001307,0.001307
37,103.91,1.33823,0.37194,0.3103,0.64309,1.35467,0.9994,1,0.995,0.60613,0.9994,1,0.995,0.96808,1.35138,0.22096,0.06361,0.5017,1.35568,0.0012872,0.0012872,0.0012872
38,105.993,1.27641,0.35388,0.31524,0.63342,1.31481,0.99375,0.99425,0.99385,0.5744,0.9995,1,0.995,0.97052,1.40928,0.21919,0.06649,0.49558,1.40587,0.0012674,0.0012674,0.0012674
39,108.08,1.30698,0.38944,0.29735,0.63811,1.35271,0.99948,1,0.995,0.6198,0.99948,1,0.995,0.97462,1.28792,0.2153,0.07907,0.4824,1.34407,0.0012476,0.0012476,0.0012476
40,110.155,1.35153,0.41539,0.29351,0.64244,1.3621,0.99377,0.99425,0.99293,0.56524,0.99952,1,0.995,0.9542,1.44929,0.22255,0.06043,0.53026,1.43197,0.0012278,0.0012278,0.0012278
41,112.206,1.32925,0.38297,0.27936,0.64895,1.34267,0.98789,0.98851,0.97943,0.56881,0.99938,1,0.995,0.97198,1.49121,0.20649,0.06175,0.56501,1.46527,0.001208,0.001208,0.001208
42,114.248,1.31473,0.36834,0.30151,0.65989,1.34251,0.99379,0.99425,0.99172,0.59672,0.99953,1,0.995,0.97791,1.33787,0.17227,0.0728,0.5037,1.37753,0.0011882,0.0011882,0.0011882
43,116.299,1.32166,0.39786,0.30028,0.64822,1.34555,0.99955,1,0.995,0.55769,0.99955,1,0.995,0.97892,1.43175,0.19856,0.07512,0.47661,1.43808,0.0011684,0.0011684,0.0011684
44,118.353,1.2563,0.38083,0.273,0.61323,1.30452,0.99955,1,0.995,0.60627,0.99955,1,0.995,0.96052,1.3128,0.21909,0.06808,0.48395,1.34933,0.0011486,0.0011486,0.0011486
45,120.411,1.26652,0.36903,0.30168,0.62806,1.30969,0.99948,1,0.995,0.63682,0.99948,1,0.995,0.96793,1.22839,0.23218,0.07414,0.50752,1.30129,0.0011288,0.0011288,0.0011288
46,122.472,1.32444,0.43111,0.28679,0.66549,1.35796,0.99952,1,0.995,0.62496,0.99952,1,0.995,0.97821,1.30129,0.21641,0.07973,0.49588,1.3465,0.001109,0.001109,0.001109
47,124.646,1.24166,0.39847,0.29847,0.62167,1.32124,0.99379,0.99425,0.99379,0.5404,0.99953,1,0.995,0.95858,1.59744,0.19836,0.06006,0.50412,1.49161,0.0010892,0.0010892,0.0010892
48,126.7,1.25257,0.34551,0.25163,0.63936,1.30452,0.99381,0.99425,0.99402,0.55987,0.99955,1,0.995,0.96908,1.5182,0.1856,0.05401,0.51209,1.45232,0.0010694,0.0010694,0.0010694
49,128.803,1.25036,0.32498,0.2588,0.60298,1.30727,0.99955,1,0.995,0.63103,0.99955,1,0.995,0.96876,1.25853,0.19812,0.05114,0.50716,1.31383,0.0010496,0.0010496,0.0010496
50,130.878,1.19043,0.31994,0.27261,0.57315,1.29989,0.9937,0.99425,0.99402,0.5635,0.99944,1,0.995,0.9617,1.52167,0.21282,0.05188,0.51426,1.45596,0.0010298,0.0010298,0.0010298
51,132.951,1.26231,0.33422,0.26077,0.5917,1.3157,0.99949,1,0.995,0.57362,0.99949,1,0.995,0.96203,1.44167,0.20554,0.05802,0.55831,1.41141,0.00101,0.00101,0.00101
52,135.029,1.24239,0.36297,0.26563,0.61802,1.30488,0.99944,1,0.995,0.62672,0.99944,1,0.995,0.97298,1.3111,0.24295,0.05616,0.46277,1.34619,0.0009902,0.0009902,0.0009902
53,137.068,1.24094,0.36845,0.27036,0.6083,1.31669,0.99938,1,0.995,0.54149,0.99938,1,0.995,0.97174,1.55089,0.19028,0.06298,0.49525,1.47607,0.0009704,0.0009704,0.0009704
54,139.073,1.21371,0.36327,0.26706,0.59137,1.29429,0.99948,1,0.995,0.60684,0.99948,1,0.995,0.96951,1.34061,0.19127,0.06892,0.46345,1.35697,0.0009506,0.0009506,0.0009506
55,141.12,1.2743,0.32646,0.24549,0.61641,1.35057,0.99949,1,0.995,0.6589,0.99949,1,0.995,0.97691,1.1787,0.16551,0.0626,0.44487,1.27098,0.0009308,0.0009308,0.0009308
56,143.196,1.19027,0.3361,0.23381,0.56502,1.28546,0.98806,0.98851,0.98326,0.53244,0.99955,1,0.995,0.96316,1.62884,0.20513,0.05057,0.53315,1.53248,0.000911,0.000911,0.000911
57,145.292,1.19234,0.31334,0.23084,0.55943,1.27155,0.9938,0.99425,0.99374,0.59381,0.99955,1,0.995,0.96838,1.37698,0.19247,0.05606,0.49543,1.3896,0.0008912,0.0008912,0.0008912
58,147.5,1.14424,0.28914,0.23631,0.56363,1.26344,0.99958,1,0.995,0.63608,0.99958,1,0.995,0.97867,1.20484,0.17173,0.0589,0.4205,1.29911,0.0008714,0.0008714,0.0008714
59,149.552,1.18627,0.3876,0.25045,0.55756,1.25834,0.99954,1,0.995,0.64011,0.99954,1,0.995,0.98669,1.21686,0.16985,0.06257,0.41878,1.29055,0.0008516,0.0008516,0.0008516
60,151.718,1.19176,0.28302,0.24562,0.57895,1.29314,0.99957,1,0.995,0.61922,0.99957,1,0.995,0.98429,1.29842,0.17402,0.07189,0.42856,1.32283,0.0008318,0.0008318,0.0008318
61,153.779,1.13137,0.33548,0.26921,0.54086,1.24707,0.99961,1,0.995,0.65925,0.99961,1,0.995,0.98521,1.16007,0.15786,0.06491,0.39301,1.26212,0.000812,0.000812,0.000812
62,155.835,1.15285,0.30932,0.24819,0.54088,1.26369,0.9996,1,0.995,0.64844,0.9996,1,0.995,0.98307,1.19014,0.17017,0.05689,0.39151,1.27683,0.0007922,0.0007922,0.0007922
63,157.896,1.16977,0.27951,0.22388,0.55055,1.28574,0.99958,1,0.995,0.6795,0.99958,1,0.995,0.98242,1.15226,0.15059,0.04705,0.39134,1.24925,0.0007724,0.0007724,0.0007724
64,163.695,1.15479,0.30059,0.22548,0.54777,1.27235,0.99958,1,0.995,0.66188,0.99958,1,0.995,0.97951,1.2197,0.15891,0.04378,0.39748,1.27383,0.0007526,0.0007526,0.0007526
65,168.643,1.1552,0.29999,0.25293,0.56639,1.27767,0.99961,1,0.995,0.67772,0.99961,1,0.995,0.97268,1.19496,0.17231,0.05314,0.44123,1.27218,0.0007328,0.0007328,0.0007328
66,173.257,1.16067,0.24552,0.21123,0.55875,1.27507,0.99959,1,0.995,0.65665,0.99959,1,0.995,0.97746,1.17865,0.16129,0.05891,0.4394,1.25892,0.000713,0.000713,0.000713
67,177.905,1.12114,0.29868,0.231,0.5473,1.23681,0.99956,1,0.995,0.67395,0.99956,1,0.995,0.981,1.12268,0.15823,0.06181,0.40003,1.23767,0.0006932,0.0006932,0.0006932
68,183.996,1.12616,0.28151,0.22265,0.54956,1.24543,0.9996,1,0.995,0.66875,0.9996,1,0.995,0.9744,1.07865,0.16497,0.05493,0.39748,1.22406,0.0006734,0.0006734,0.0006734
69,189.062,1.1348,0.31072,0.2095,0.54511,1.26143,0.99387,0.99425,0.99063,0.66991,0.99961,1,0.995,0.9801,1.17383,0.15476,0.04271,0.4045,1.26083,0.0006536,0.0006536,0.0006536
70,195.548,1.12827,0.33544,0.23363,0.53614,1.23934,0.99386,0.99425,0.99195,0.66263,0.9996,1,0.995,0.97932,1.22889,0.15204,0.04438,0.41863,1.28969,0.0006338,0.0006338,0.0006338
71,200.364,1.0756,0.31677,0.20736,0.52138,1.23094,0.99959,1,0.995,0.68198,0.99959,1,0.995,0.98359,1.10231,0.15742,0.05407,0.39883,1.25307,0.000614,0.000614,0.000614
72,205.246,1.07115,0.27328,0.21378,0.49968,1.2196,0.99959,1,0.995,0.69063,0.99959,1,0.995,0.97854,1.09128,0.17136,0.06088,0.38638,1.22792,0.0005942,0.0005942,0.0005942
73,211.42,1.08046,0.28684,0.20999,0.52646,1.22636,0.99383,0.99425,0.99144,0.667,0.99957,1,0.995,0.9814,1.197,0.15267,0.0532,0.42317,1.28587,0.0005744,0.0005744,0.0005744
74,216.365,1.10314,0.27835,0.2168,0.50872,1.21491,0.99349,0.99425,0.99161,0.67406,0.99923,1,0.995,0.985,1.14275,0.15489,0.04878,0.4088,1.26572,0.0005546,0.0005546,0.0005546
75,222.536,1.10757,0.32036,0.22568,0.5475,1.24326,0.99791,1,0.995,0.67544,0.99791,1,0.995,0.9828,1.13932,0.16331,0.05158,0.42557,1.27025,0.0005348,0.0005348,0.0005348
76,227.665,1.06592,0.27415,0.23278,0.50726,1.22774,0.99279,0.99425,0.99391,0.65477,0.99853,1,0.995,0.98396,1.24163,0.15466,0.05088,0.41251,1.31307,0.000515,0.000515,0.000515
77,232.662,1.04892,0.26357,0.2082,0.50208,1.21775,0.99377,0.99425,0.99333,0.66054,0.99952,1,0.995,0.98321,1.22807,0.15738,0.0446,0.41236,1.30526,0.0004952,0.0004952,0.0004952
78,238.851,1.03051,0.25357,0.21156,0.4961,1.21001,0.99945,1,0.995,0.67493,0.99945,1,0.995,0.98245,1.15276,0.15726,0.04078,0.38799,1.2737,0.0004754,0.0004754,0.0004754
79,243.668,1.10266,0.27353,0.20414,0.5367,1.25695,0.99953,1,0.995,0.679,0.99953,1,0.995,0.97703,1.1399,0.15616,0.03847,0.39003,1.25771,0.0004556,0.0004556,0.0004556
80,249.125,1.12591,0.25691,0.18465,0.51654,1.26215,0.99905,1,0.995,0.66887,0.99905,1,0.995,0.98431,1.18736,0.14835,0.03745,0.38158,1.27556,0.0004358,0.0004358,0.0004358
81,251.787,1.04529,0.24088,0.18807,0.49654,1.20002,0.99954,1,0.995,0.67954,0.99954,1,0.995,0.98322,1.12123,0.14731,0.03938,0.36247,1.24515,0.000416,0.000416,0.000416
82,255.336,1.11357,0.24602,0.19283,0.51406,1.24776,0.99958,1,0.995,0.6846,0.99958,1,0.995,0.98116,1.10287,0.14782,0.04221,0.37202,1.23621,0.0003962,0.0003962,0.0003962
83,260.012,1.06669,0.25495,0.20759,0.50228,1.21926,0.99959,1,0.995,0.67376,0.99959,1,0.995,0.98231,1.17363,0.14079,0.0451,0.37668,1.26675,0.0003764,0.0003764,0.0003764
84,265.752,1.05871,0.22945,0.19416,0.49189,1.22586,0.9996,1,0.995,0.67673,0.9996,1,0.995,0.98149,1.15596,0.15297,0.04585,0.3813,1.25627,0.0003566,0.0003566,0.0003566
85,270.408,1.07101,0.21673,0.18434,0.50759,1.23913,0.9996,1,0.995,0.67758,0.9996,1,0.995,0.98583,1.12362,0.14521,0.04453,0.37211,1.24107,0.0003368,0.0003368,0.0003368
86,274.964,1.06142,0.25522,0.18717,0.50567,1.21293,0.99961,1,0.995,0.68641,0.99961,1,0.995,0.9856,1.06558,0.14096,0.04247,0.36058,1.21915,0.000317,0.000317,0.000317
87,277.824,1.03461,0.25059,0.20649,0.48947,1.20262,0.99961,1,0.995,0.69789,0.99961,1,0.995,0.98323,1.02518,0.14537,0.04181,0.35116,1.20152,0.0002972,0.0002972,0.0002972
88,281.416,1.07537,0.25423,0.20375,0.5138,1.21992,0.9996,1,0.995,0.70141,0.9996,1,0.995,0.98099,1.0036,0.14808,0.03915,0.35395,1.19453,0.0002774,0.0002774,0.0002774
89,287.258,1.02624,0.24159,0.21539,0.4955,1.1966,0.99959,1,0.995,0.69357,0.99959,1,0.995,0.98263,0.99802,0.14141,0.03888,0.35038,1.19756,0.0002576,0.0002576,0.0002576
90,291.95,1.07423,0.23842,0.18164,0.49899,1.21177,0.9996,1,0.995,0.69472,0.9996,1,0.995,0.98196,1.01324,0.14522,0.03986,0.35276,1.2048,0.0002378,0.0002378,0.0002378
91,309.519,0.95921,0.13821,0.05029,0.36984,1.18705,0.99953,1,0.995,0.69713,0.99953,1,0.995,0.98126,0.99837,0.13862,0.04543,0.35547,1.19923,0.000218,0.000218,0.000218
92,314.123,0.94366,0.12575,0.04986,0.36051,1.17007,0.99868,1,0.995,0.69381,0.99868,1,0.995,0.98723,1.01779,0.13469,0.04866,0.36819,1.20001,0.0001982,0.0001982,0.0001982
93,320.002,0.94269,0.12535,0.04848,0.36452,1.17796,0.99863,1,0.995,0.70054,0.99863,1,0.995,0.98717,1.00037,0.1375,0.04523,0.37123,1.19263,0.0001784,0.0001784,0.0001784
94,324.612,0.96472,0.13502,0.04618,0.37147,1.17218,0.99901,1,0.995,0.69129,0.99901,1,0.995,0.98588,1.02029,0.13635,0.04113,0.3699,1.20067,0.0001586,0.0001586,0.0001586
95,330.378,0.9182,0.12743,0.04019,0.34932,1.16102,0.99933,1,0.995,0.70214,0.99933,1,0.995,0.98702,1.01172,0.13061,0.03853,0.35966,1.1903,0.0001388,0.0001388,0.0001388
96,335.133,0.93874,0.12306,0.03889,0.35947,1.17888,0.99952,1,0.995,0.70954,0.99952,1,0.995,0.98727,1.0018,0.12253,0.0391,0.35578,1.18242,0.000119,0.000119,0.000119
97,339.611,0.93691,0.1231,0.03906,0.35245,1.15495,0.99957,1,0.995,0.71209,0.99957,1,0.995,0.98584,0.98274,0.1215,0.03972,0.35062,1.17634,9.92e-05,9.92e-05,9.92e-05
98,345.45,0.95132,0.13042,0.03679,0.34798,1.17743,0.99958,1,0.995,0.70791,0.99958,1,0.995,0.9854,0.97721,0.12134,0.03779,0.35182,1.17558,7.94e-05,7.94e-05,7.94e-05
99,350.309,0.90248,0.1228,0.03713,0.3427,1.16475,0.99959,1,0.995,0.71371,0.99959,1,0.995,0.98507,0.97462,0.12108,0.03646,0.35263,1.17596,5.96e-05,5.96e-05,5.96e-05
100,356.128,0.93858,0.12202,0.03766,0.34832,1.19555,0.99959,1,0.995,0.71821,0.99959,1,0.995,0.985,0.9727,0.12205,0.03562,0.35108,1.1757,3.98e-05,3.98e-05,3.98e-05
